design_id,paired_count_vs_uniform,mean_ratio_vs_uniform,median_ratio_vs_uniform,p10_ratio_vs_uniform,worst_ratio_vs_uniform,mean_delta_vs_uniform,median_delta_vs_uniform,beats_uniform_count,beats_uniform_fraction,std_ratio_vs_uniform,paired_count_vs_verticals,median_ratio_vs_verticals,p10_ratio_vs_verticals,beats_verticals_count,beats_verticals_fraction,robust_score,design_name,category
1,80,1.0155460888337788,1.0118955925827047,0.9796491047815697,0.932649227329423,0.02724469884531147,0.024502898430280973,51,0.6375,0.03474656929730482,79,1.0122685902723618,0.9886817737772671,60,0.759493670886076,0.9945223079340523,surrogate_opt_from_288,surrogate_gradient_opt
2,79,1.0032728586168052,0.9994136234203014,0.9584807357396204,0.9131231347231689,0.0019119927079920302,-0.0009783379286480987,38,0.4810126582278481,0.04039126375181566,79,1.0,1.0,0,0.0,0.9760929915443936,surrogate_opt_from_272,surrogate_gradient_opt
3,79,0.9977962656805917,0.993127636624582,0.9437085144601687,0.8938481037880356,-0.010821779042623925,-0.01598364511628536,30,0.379746835443038,0.0480433768502175,78,0.993396778139705,0.9665110929047713,31,0.3974358974358974,0.9659809481994732,surrogate_opt_from_259,surrogate_gradient_opt
4,79,0.9975751181552931,0.9915161383340529,0.9453245634446401,0.8979568414522708,-0.011531065592472866,-0.017969320652990728,33,0.4177215189873418,0.04899441790830611,78,0.9927971646921935,0.963109218250923,30,0.38461538461538464,0.9638939293798998,surrogate_opt_from_265,surrogate_gradient_opt
