source_design_id,design_name,start_pred_mean_energy,start_pred_std_energy,start_pred_robust_score,opt_pred_mean_energy,opt_pred_std_energy,opt_pred_robust_score,pred_mean_gain,pred_robust_gain,best_internal_step,preprojection_vol_ratio,area_min,area_max,design_id,area_min_projected,area_max_projected,rel_volume_error_projected,category
298,surrogate_opt_from_298,1.901179909706116,0.2120887190103531,1.826948881149292,2.193251371383667,0.146164521574974,2.1420938968658447,0.2920714616775512,0.3151450157165527,500,1.0001769065856934,0.25,2.999443292617798,0,0.25,2.9994433,9.1170435e-08,surrogate_gradient_opt
288,surrogate_opt_from_288,1.9252849817276,0.1837315708398819,1.860978960990905,2.2167203426361084,0.1201469153165817,2.174669027328491,0.2914353609085083,0.3136900663375854,500,1.000082015991211,0.25,2.999749660491944,1,0.25,2.9997497,0.0,surrogate_gradient_opt
272,surrogate_opt_from_272,1.9096803665161133,0.1710580587387085,1.849810004234314,2.210442304611206,0.1196634992957115,2.168560028076172,0.3007619380950928,0.3187500238418579,500,1.0000691413879397,0.25,2.999789237976074,2,0.25,2.9997892,0.0,surrogate_gradient_opt
259,surrogate_opt_from_259,1.9068793058395384,0.1367036551237106,1.8590329885482788,2.184370994567871,0.1169753149151802,2.143429517745972,0.2774916887283325,0.2843965291976928,500,1.0001258850097656,0.25,2.9996163845062256,3,0.25,2.9996164,9.1170435e-08,surrogate_gradient_opt
265,surrogate_opt_from_265,1.8983947038650515,0.1437150537967682,1.848094463348389,2.200641632080078,0.1103769615292549,2.1620097160339355,0.3022469282150268,0.3139152526855469,498,1.000035524368286,0.25,2.9998910427093506,4,0.25,2.999891,1.8234087e-07,surrogate_gradient_opt
